<?xml version="1.0" encoding="utf-8"?>
<odoo noupdate="1">

    <record id="payment_acquirer_tap" model="payment.provider">
        <field name="name">Tap</field>
        <field name="code">tap</field>
        <field name="allow_tokenization">True</field>
    </record>

    <record id="payment_method_tap" model="account.payment.method">
        <field name="name">Tap</field>
        <field name="code">tap</field>
        <field name="payment_type">inbound</field>
    </record>

</odoo>
